Timeframe,Window Size,Sample Size,Min,Max,Mean,Median,Std Dev,1% Percentile,5% Percentile,10% Percentile,25% Percentile,50% Percentile,75% Percentile,90% Percentile,95% Percentile,99% Percentile
15m,1,199,-1.8073391138916262,2.1064627600911656,-0.002874743859224695,-0.016285190457920873,0.4747060277724468,-0.9960780622685275,-0.7301958967189537,-0.5342102632200962,-0.2820378887579411,-0.016285190457920873,0.2318885016169947,0.5202367503167119,0.6941397419196325,1.24565985850609
15m,5,195,-2.5155569383945253,3.29660838537984,0.007697705239363443,0.06982030458451138,1.027059925930939,-2.404489450246865,-1.657445537117378,-1.3536556850389747,-0.6161539564058127,0.06982030458451138,0.5689641309884808,1.0913917989068178,1.7495145610268579,2.8321584818865433
15m,10,190,-4.123867069486398,3.17076653743833,-0.026733306591568126,-0.20782980349515756,1.3924185263263171,-3.428181086718206,-2.044121698840254,-1.4688671271621279,-0.8918073919917863,-0.20782980349515756,0.8993337960853387,1.8517965949628201,2.2816487963420324,3.068479775935379
1m,1,199,-0.5233947997514643,0.4264097574462111,-0.006095453383895518,-0.004759587925462494,0.14417291845740832,-0.3046949169178872,-0.22197629846862021,-0.1758928521092873,-0.0990954226102514,-0.004759587925462494,0.07965154152222986,0.1668694133239646,0.2235985990872491,0.35683448528645095
1m,5,195,-0.6922201618341228,0.8428641407364879,-0.03352617945150103,-0.04416194817279395,0.27845497764726357,-0.5572824636556042,-0.47497856618505363,-0.37773180468612555,-0.19150776777190903,-0.04416194817279395,0.09958833353717056,0.3814104780848735,0.5245262973870688,0.6687291725843005
1m,10,190,-1.045138870662099,0.9541422100720842,-0.06520873825868967,-0.1283392362009972,0.3995824726684436,-0.7800472458668306,-0.6353134327203447,-0.5529774866553672,-0.34011566578575625,-0.1283392362009972,0.20168669473928924,0.5105400514253344,0.6176295624069105,0.8827276019693303
